rhyme_unit	syllables_after	family_size	representative	rep_zipf	spelling_variants	all_words
AA1 L AH0 JH IY0	2	56	technology	5.09	technology (5.1)	technology, psychology, biology, apology, ideology, theology, methodology, sociology, geology, ecology, terminology, anthropology, mythology, physiology, archaeology, pathology, anthology, biotechnology, morphology, astrology, oncology, genealogy, scientology, epidemiology, microbiology, neurology, chronology, meteorology, radiology, zoology, pharmacology, toxicology, immunology, cardiology, criminology, etymology, ontology, dermatology, ophthalmology, epistemology, gynecology, entomology, urology, paleontology, archeology, endocrinology, mineralogy, cosmetology, virology, hematology, etiology, histology, ethnology, ornithology, anesthesiology, gerontology
IH1 L IH0 T IY0	2	41	facility	4.6	facility (4.6)	facility, stability, disability, liability, availability, mobility, inability, credibility, fertility, visibility, sustainability, eligibility, instability, vulnerability, humility, accessibility, profitability, durability, variability, suitability, sensibility, infertility, impossibility, tranquility, permeability, inevitability, portability, predictability, respectability, culpability, incompatibility, readability, unpredictability, motility, desirability, maneuverability, survivability, dependability, plausibility, unavailability, sterility
AE1 L AH0 T IY0	2	34	reality	4.89	reality (4.9)	reality, sexuality, hospitality, mortality, morality, mentality, homosexuality, nationality, municipality, locality, neutrality, brutality, spirituality, confidentiality, vitality, legality, fatality, formality, duality, actuality, totality, practicality, normality, abnormality, sensuality, modality, commonality, universality, bisexuality, finality, irrationality, frugality, lethality, generality
IH1 L AH0 T IY0	2	30	ability	4.96	ability (5.0)	ability, responsibility, possibility, utility, availability, capability, mobility, flexibility, probability, reliability, fertility, hostility, compatibility, volatility, nobility, feasibility, viability, agility, versatility, affordability, susceptibility, civility, fragility, futility, invisibility, applicability, adaptability, irritability, irresponsibility, acceptability
AA1 JH IH0 K AH0 L	2	30	biological	4.31	biological (4.3)	biological, psychological, logical, technological, geological, ecological, ideological, theological, archaeological, neurological, physiological, chronological, meteorological, pathological, sociological, morphological, illogical, pedagogical, mythological, methodological, zoological, topological, archeological, pharmacological, radiological, epidemiological, astrological, ontological, phonological, immunological
EY1 SH AH0 N AH0 L	2	28	educational	4.6	educational (4.6)	educational, operational, recreational, organizational, inspirational, occupational, vocational, computational, sensational, gravitational, motivational, generational, relational, rotational, informational, invitational, situational, conversational, congregational, foundational, confrontational, transformational, navigational, denominational, intergenerational, representational, investigational, improvisational
AE1 L IH0 T IY0	2	26	personality	4.55	personality (4.5)	personality, mentality, nationality, functionality, brutality, plurality, immortality, originality, individuality, fatality, speciality, rationality, criminality, constitutionality, impartiality, immorality, technicality, sentimentality, principality, punctuality, eventuality, illegality, proportionality, bestiality, centrality, heterosexuality
EH1 R IY0 AH0 N	2	26	humanitarian	3.91	humanitarian (3.9),  marion (3.8),  darien (2.7)	humanitarian, bulgarian, marion, hungarian, vegetarian, authoritarian, librarian, libertarian, ovarian, marian, barbarian, sectarian, totalitarian, agrarian, veterinarian, bavarian, egalitarian, utilitarian, clarion, unitarian, parliamentarian, proletarian, darien, carrion, contrarian, varian
AA1 G R AH0 F IY0	2	20	photography	4.45	photography (4.5)	photography, geography, biography, bibliography, pornography, autobiography, choreography, topography, cinematography, typography, chromatography, iconography, oceanography, demography, historiography, lithography, mammography, crystallography, radiography, orthography
EH1 R AH0 T IY0	2	18	popularity	4.24	popularity (4.2)	popularity, prosperity, clarity, solidarity, similarity, disparity, parity, familiarity, rarity, sincerity, dexterity, polarity, regularity, posterity, verity, hilarity, irregularity, peculiarity
IH1 V AH0 T IY0	2	14	activity	4.86	activity (4.9)	activity, productivity, creativity, captivity, negativity, relativity, nativity, conductivity, exclusivity, radioactivity, reactivity, selectivity, insensitivity, festivity
AO1 R IY0 AH0 L	2	14	memorial	4.41	memorial (4.4)	memorial, editorial, territorial, tutorial, gubernatorial, pictorial, equatorial, senatorial, dictatorial, directorial, prosecutorial, immemorial, conspiratorial, curatorial
AA1 L AH0 JH IH0 S T	2	13	anthropologist	3.16	anthropologist (3.2)	anthropologist, archaeologist, dermatologist, sociologist, meteorologist, cardiologist, technologist, oncologist, ophthalmologist, ecologist, radiologist, physiologist, paleontologist
IH1 R IY0 AH0	2	12	syria	4.4	syria (4.4)	syria, nigeria, criteria, bacteria, algeria, liberia, siberia, cafeteria, iberia, assyria, diphtheria, listeria
EY1 N IY0 AH0 N	2	12	ukrainian	4.18	ukrainian (4.2)	ukrainian, iranian, mediterranean, romanian, albanian, tasmanian, lithuanian, jordanian, subterranean, panamanian, tanzanian, pomeranian
IH1 R IY0 AH0 N	2	12	syrian	4.14	syrian (4.1),  criterion (3.5)	syrian, nigerian, presbyterian, criterion, siberian, algerian, liberian, assyrian, shakespearean, iberian, hyperion, valerian
AA1 L AH0 JH AH0 S T	2	12	psychologist	3.8	psychologist (3.8)	psychologist, biologist, geologist, anthropologist, pathologist, neurologist, gynecologist, apologist, entomologist, anesthesiologist, urologist, zoologist
IH1 R IY0 AH0 L	2	11	material	4.95	material (5.0)	material, serial, imperial, cereal, bacterial, managerial, arterial, ethereal, antibacterial, immaterial, venereal
IH1 L AH0 T IY0 Z	2	11	facilities	4.66	facilities (4.7),  utilities' (3.9)	facilities, abilities, responsibilities, capabilities, possibilities, disabilities, utilities, utilities', liabilities, hostilities, probabilities
AO1 R IY0 AH0	2	11	victoria	4.44	victoria (4.4)	victoria, port-victoria, gloria, pretoria, euphoria, peoria, astoria, correa, moria, longoria, vittoria
AO1 R IY0 AH0 N	2	11	victorian	4.12	victorian (4.1)	victorian, historian, dorian, singaporean, ecuadorian, florian, gregorian, valedictorian, delorean, pythagorean, ivorian
IH1 V IH0 T IY0	2	10	activity	4.86	activity (4.9)	activity, productivity, sensitivity, connectivity, objectivity, inactivity, hyperactivity, subjectivity, interactivity, passivity
EH1 R AH0 L IY0	2	10	necessarily	4.48	necessarily (4.5)	necessarily, primarily, temporarily, voluntarily, extraordinarily, ordinarily, momentarily, militarily, merrily, customarily
EH1 T IH0 K L IY0	2	10	genetically	3.66	genetically (3.7)	genetically, theoretically, aesthetically, alphabetically, hypothetically, energetically, pathetically, magnetically, phonetically, sympathetically
AE1 T IH0 K L IY0	2	9	automatically	4.52	automatically (4.5)	automatically, dramatically, systematically, mathematically, democratically, emphatically, thematically, erratically, diplomatically
EH1 R IH0 T IY0	2	9	charity	4.45	charity (4.5)	charity, clarity, severity, austerity, rarity, dexterity, verity, vulgarity, unpopularity
IH1 S AH0 T IY0	2	9	electricity	4.43	electricity (4.4)	electricity, publicity, simplicity, toxicity, felicity, specificity, elasticity, complicity, eccentricity
EH1 N T AH0 L IY0	2	9	accidentally	4.22	accidentally (4.2)	accidentally, mentally, fundamentally, incidentally, environmentally, coincidentally, experimentally, developmentally, incrementally
AA1 S AH0 T IY0	2	9	curiosity	3.97	curiosity (4.0)	curiosity, velocity, generosity, animosity, viscosity, atrocity, ferocity, monstrosity, religiosity
IH1 SH AH0 N IH0 NG	2	9	conditioning	3.89	conditioning (3.9)	conditioning, positioning, commissioning, transitioning, auditioning, decommissioning, partitioning, petitioning, repositioning
EY1 N IY0 AH0	2	9	romania	3.78	romania (3.8)	romania, tanzania, tasmania, lithuania, mania, albania, transylvania, mauritania, sylvania
AA1 JH IH0 K L IY0	2	9	logically	3.43	logically (3.4)	logically, psychologically, biologically, technologically, ideologically, chronologically, ecologically, physiologically, theologically
OW1 N IY0 AH0 N	2	9	smithsonian	3.4	smithsonian (3.4)	smithsonian, estonian, babylonian, caledonian, devonian, draconian, amazonian, newtonian, oregonian
AH1 M B AH0 L IH0 NG	2	9	stumbling	3.35	stumbling (3.4)	stumbling, crumbling, tumbling, humbling, rumbling, grumbling, mumbling, fumbling, bumbling
AY1 AH0 T IY0	2	8	society	5.17	society (5.2)	society, variety, anxiety, notoriety, sobriety, piety, propriety, impropriety
EH1 R IY0 AH0 S	2	8	various	5.12	various (5.1)	various, hilarious, precarious, marius, aquarius, nefarious, gregarious, vicarious
IH1 SH AH0 N AH0 L	2	8	additional	4.98	additional (5.0)	additional, traditional, nutritional, transitional, conditional, unconditional, compositional, nontraditional
AA1 L AH0 JH IY0 Z	2	8	technologies	4.32	technologies (4.3),  technologies' (4.3),  technology's (2.6)	technologies, technologies', apologies, ideologies, methodologies, anthologies, technology's, pathologies
EH1 N AH0 L IY0	2	8	accidentally	4.22	accidentally (4.2)	accidentally, mentally, fundamentally, environmentally, coincidentally, experimentally, developmentally, incrementally
IH1 N AH0 T IY0	2	8	trinity	3.9	trinity (3.9)	trinity, infinity, vicinity, affinity, divinity, masculinity, femininity, salinity
IH1 D AH0 T IY0	2	8	humidity	3.83	humidity (3.8)	humidity, validity, liquidity, acidity, rigidity, morbidity, fluidity, solidity
IH1 S T IH0 K L IY0	2	8	statistically	3.67	statistically (3.7)	statistically, realistically, artistically, characteristically, linguistically, stylistically, uncharacteristically, logistically
AW1 ER0 IH0 NG	2	8	flowering	3.53	flowering (3.5)	flowering, empowering, powering, towering, showering, scouring, devouring, cowering
EH1 R IY0 AH0 N Z	2	8	barbarians	3.3	barbarians (3.3)	barbarians, librarians, vegetarians, libertarians, parliamentarians, bulgarians, hungarians, veterinarians
AE1 SH AH0 N AH0 L	2	7	national	5.51	national (5.5),  nationale (2.8)	national, international, rational, irrational, multinational, transnational, nationale
EH1 R AH0 B AH0 L	2	7	terrible	4.71	terrible (4.7)	terrible, comparable, unbearable, wearable, parable, arable, bearable
IH1 L IH0 T IY0 Z	2	7	facilities	4.66	facilities (4.7),  disability (4.2),  facility's (2.6)	facilities, disability, disabilities, liabilities, vulnerabilities, sensibilities, facility's
IH1 SH AH0 N S IY0	2	7	efficiency	4.38	efficiency (4.4)	efficiency, deficiency, proficiency, self-sufficiency, sufficiency, inefficiency, immunodeficiency
AY1 AH0 B AH0 L	2	7	reliable	4.29	reliable (4.3)	reliable, viable, liable, unreliable, undeniable, pliable, unjustifiable
IH1 S IH0 T IY0	2	7	publicity	4.0	publicity (4.0)	publicity, simplicity, ethnicity, authenticity, complicity, multiplicity, duplicity
EH1 N S AH0 B AH0 L	2	7	sensible	3.98	sensible (4.0)	sensible, indispensable, reprehensible, indefensible, defensible, comprehensible, ostensible
AE1 L AH0 T IY0 Z	2	7	realities	3.67	realities (3.7)	realities, fatalities, abnormalities, formalities, modalities, technicalities, commonalities
AE1 T ER0 IH0 NG	2	7	flattering	3.46	flattering (3.5)	flattering, scattering, shattering, battering, chattering, unflattering, smattering
IH1 L IY0 AH0 N	2	7	chilean	3.44	chilean (3.4)	chilean, gillian, lillian, sicilian, jillian, maximilian, lilian
AA1 L AH0 JH IH0 S T S	2	7	archaeologists	3.37	archaeologists (3.4)	archaeologists, geologists, anthropologists, sociologists, technologists, meteorologists, ecologists
AA1 L AH0 JH IH0 S	2	7	archaeologists	3.37	archaeologists (3.4)	archaeologists, geologists, anthropologists, sociologists, technologists, meteorologists, ecologists
EH1 R IY0 AH0	2	6	area	5.46	area (5.5)	area, bay-area, bulgaria, malaria, hysteria, bavaria
IH1 T IH0 K AH0 L	2	6	political	5.29	political (5.3)	political, critical, analytical, hypocritical, geopolitical, apolitical
UH1 R AH0 T IY0	2	6	security	5.2	security (5.2),  surety (2.8)	security, maturity, purity, obscurity, surety, impurity
IH1 K Y AH0 L ER0	2	6	particular	5.0	particular (5.0)	particular, perpendicular, curricular, vehicular, extracurricular, testicular
EH1 N SH AH0 L IY0	2	6	eventually	4.88	eventually (4.9)	eventually, essentially, potentially, exponentially, preferentially, confidentially
IH1 R IY0 ER0	2	6	interior	4.55	interior (4.5)	interior, superior, exterior, inferior, anterior, ulterior
AA1 K R AH0 S IY0	2	6	democracy	4.51	democracy (4.5),  hypocrisy (3.6)	democracy, hypocrisy, bureaucracy, aristocracy, autocracy, theocracy
AE1 L ER0 IY0	2	6	gallery	4.49	gallery (4.5),  salary (4.4),  calorie (3.6),  mallory (3.1)	gallery, salary, calorie, valerie, mallory, valery
EH1 K T IH0 V L IY0	2	6	effectively	4.49	effectively (4.5)	effectively, respectively, collectively, selectively, objectively, retrospectively
AH1 V ER0 IH0 NG	2	6	covering	4.45	covering (4.5)	covering, recovering, discovering, hovering, uncovering, rediscovering
EH1 N CH AH0 L IY0	2	6	potentially	4.39	potentially (4.4)	potentially, exponentially, sequentially, preferentially, confidentially, quintessentially
UW1 T AH0 B AH0 L	2	6	suitable	4.38	suitable (4.4)	suitable, unsuitable, immutable, indisputable, irrefutable, inscrutable
EH1 N T ER0 IY0	2	6	documentary	4.31	documentary (4.3)	documentary, parliamentary, supplementary, complimentary, rudimentary, sedimentary
EH1 R IY0 ER0	2	6	carrier	4.29	carrier (4.3)	carrier, barrier, terrier, scarier, harrier, merrier
EY1 N AH0 B AH0 L	2	6	sustainable	4.19	sustainable (4.2)	sustainable, unsustainable, attainable, obtainable, unattainable, unexplainable
AY1 ER0 IH0 NG	2	6	requiring	4.14	requiring (4.1)	requiring, inspiring, acquiring, retiring, inquiring, desiring
IY1 V AH0 B AH0 L	2	6	unbelievable	4.08	unbelievable (4.1)	unbelievable, believable, achievable, conceivable, inconceivable, receivable
EH1 R IY0 AH0 L	2	6	aerial	3.91	aerial (3.9),  ariel (3.5)	aerial, burial, ariel, adversarial, actuarial, secretarial
IH1 N IH0 T IY0	2	6	trinity	3.9	trinity (3.9),  infiniti (2.8)	trinity, infinity, vicinity, affinity, virginity, infiniti
AE1 L IH0 T IY0 Z	2	6	personalities	3.9	personalities (3.9)	personalities, municipalities, localities, fatalities, nationalities, principalities
EH1 R AH0 T IY0 Z	2	6	charities	3.83	charities (3.8),  charity's (2.5)	charities, similarities, irregularities, disparities, peculiarities, charity's
IH1 SH AH0 N ER0 Z	2	6	practitioners	3.8	practitioners (3.8),  commissioner's (2.9)	practitioners, commissioners, parishioners, commissioner's, petitioners, conditioners
UW1 AH0 T IY0	2	6	continuity	3.77	continuity (3.8)	continuity, ambiguity, annuity, ingenuity, acuity, promiscuity
EH1 K T AH0 B AH0 L	2	6	respectable	3.71	respectable (3.7)	respectable, collectible, detectable, undetectable, delectable, injectable
EH1 S IH0 V L IY0	2	6	aggressively	3.63	aggressively (3.6)	aggressively, progressively, excessively, successively, impressively, obsessively
OW1 N IY0 AH0	2	6	estonia	3.48	estonia (3.5)	estonia, macedonia, antonia, patagonia, caledonia, new-caledonia
AA1 L AH0 JH IH0 S S	2	6	archaeologists	3.37	archaeologists (3.4)	archaeologists, geologists, anthropologists, sociologists, technologists, meteorologists
AA1 M AH0 T ER0	2	6	thermometer	3.22	thermometer (3.2)	thermometer, kilometer, spectrometer, speedometer, accelerometer, interferometer
EH1 N TH AH0 S IY2 Z	2	6	)close-parentheses	3.13	)close-parentheses (3.1)	)close-parentheses, )end-parentheses, (in-parentheses, (open-parentheses, (parentheses, parentheses
IY1 D IY0 AH0	2	5	media	5.3	media (5.3)	media, multimedia, encyclopedia, encyclopaedia, expedia
IH1 R IY0 AH0 S	2	5	serious	5.1	serious (5.1)	serious, mysterious, delirious, deleterious, imperious
AO1 R AH0 T IY0	2	5	majority	4.94	majority (4.9)	majority, authority, minority, priority, sorority
AH1 L CH ER0 AH0 L	2	5	cultural	4.75	cultural (4.8)	cultural, agricultural, multicultural, horticultural, intercultural
EH1 Z IH0 D AH0 N T S	2	5	residents	4.64	residents (4.6),  residents' (4.6),  president's (3.9)	residents, residents', presidents, presidents', president's
EH1 R IY0 IH0 NG	2	5	carrying	4.61	carrying (4.6)	carrying, varying, marrying, burying, ferrying
AE1 K T ER0 IY0	2	5	factory	4.55	factory (4.5)	factory, satisfactory, unsatisfactory, olfactory, refractory
AY1 AH0 N S IH0 Z	2	5	sciences	4.39	sciences (4.4),  sciences' (4.4),  alliance's (2.5)	sciences, sciences', appliances, alliances, alliance's
AE1 N IH0 K AH0 L	2	5	mechanical	4.33	mechanical (4.3)	mechanical, botanical, tyrannical, puritanical, electromechanical
AE1 N IH0 T IY0	2	5	humanity	4.32	humanity (4.3)	humanity, christianity, vanity, insanity, hannity
AA1 G R AH0 F ER0	2	5	photographer	4.28	photographer (4.3)	photographer, choreographer, biographer, cinematographer, geographer
EH1 N SH AH0 N AH0 L	2	5	conventional	4.25	conventional (4.2)	conventional, dimensional, intentional, unconventional, unintentional
EY1 V ER0 IY0	2	5	slavery	4.21	slavery (4.2),  savory (3.0)	slavery, avery, bravery, savory, unsavory
IH1 SH AH0 N AH0 L IY0	3	5	additionally	4.2	additionally (4.2)	additionally, traditionally, unconditionally, nutritionally, conditionally
IH1 SH N AH0 L IY0	2	5	additionally	4.2	additionally (4.2)	additionally, traditionally, unconditionally, nutritionally, conditionally
AO1 R IY0 AH0 S	2	5	glorious	4.08	glorious (4.1)	glorious, notorious, victorious, meritorious, laborious
EH1 D IH0 T ER0 Z	2	5	editors	4.04	editors (4.0),  editors' (4.0),  editor's (3.1)	editors, editors', creditors, creditors', editor's
EH1 R IY0 ER0 Z	2	5	carriers	4.02	carriers (4.0),  carriers' (4.0),  carrier's (2.5)	carriers, carriers', barriers, terriers, carrier's
EH1 T IH0 K AH0 L	2	5	theoretical	4.01	theoretical (4.0)	theoretical, hypothetical, alphabetical, heretical, antithetical
EH1 N S IH0 V L IY0	2	5	extensively	3.87	extensively (3.9)	extensively, defensively, offensively, comprehensively, intensively
AE1 F IH0 K AH0 L	2	5	geographical	3.85	geographical (3.9)	geographical, graphical, biographical, autobiographical, typographical
AE1 T ER0 AH0 L	2	5	lateral	3.75	lateral (3.8)	lateral, bilateral, collateral, unilateral, multilateral
AE1 N AH0 T IY0	2	5	vanity	3.74	vanity (3.7)	vanity, insanity, sanity, profanity, inhumanity
EY1 N IY0 AH0 S	2	5	spontaneous	3.71	spontaneous (3.7)	spontaneous, simultaneous, miscellaneous, contemporaneous, extraneous
AY1 T AH0 N IH0 NG	2	5	frightening	3.67	frightening (3.7)	frightening, tightening, enlightening, lightening, brightening
EH1 R IY0 AH0 T	2	5	harriet	3.63	harriet (3.6),  secretariat (3.5),  marriott (3.4),  chariot (3.3)	harriet, secretariat, marriott, chariot, proletariat
AA1 L AH0 JH AH0 S T S	2	5	psychologists	3.56	psychologists (3.6)	psychologists, biologists, anthropologists, apologists, pathologists
EH1 R IY0 AH0 M	2	5	aquarium	3.56	aquarium (3.6),  merriam (2.8)	aquarium, merriam, planetarium, barium, herbarium
IY1 N IY0 AH0	2	5	armenia	3.56	armenia (3.6)	armenia, schizophrenia, slovenia, sardinia, eugenia
IY1 M IY0 AH0	2	5	academia	3.54	academia (3.5)	academia, leukemia, anemia, bohemia, hypoglycemia
EH1 N IY0 AH0 L	2	5	perennial	3.51	perennial (3.5)	perennial, centennial, millennial, biennial, bicentennial
AY1 Z AH0 B AH0 L	2	5	recognizable	3.45	recognizable (3.5)	recognizable, sizable, advisable, sizeable, unrecognizable
IH1 V IY0 AH0 N	2	5	vivian	3.43	vivian (3.4),  oblivion (3.3),  vivienne (2.8),  vivien (2.8)	vivian, oblivion, bolivian, vivienne, vivien
EY1 N IY0 AH0 N Z	2	5	iranians	3.2	iranians (3.2),  iranians' (3.2)	iranians, iranians', ukrainians, romanians, albanians
AH1 T ER0 IH0 NG	2	5	stuttering	3.1	stuttering (3.1)	stuttering, fluttering, muttering, sputtering, uttering
EH1 R IH0 K S AH0 N	2	5	erickson	3.06	erickson (3.1),  eriksen (3.0)	erickson, ericsson, eriksen, eriksson, erikson
AO1 R IY0 OW0	2	5	oreo	2.96	oreo (3.0)	oreo, gregorio, vittorio, osorio, oratorio
UW1 N AH0 T IY0	2	4	community	5.34	community (5.3)	community, opportunity, unity, immunity
UW1 N IH0 T IY0	2	4	community	5.34	community (5.3)	community, unity, immunity, impunity
EH1 R IH0 K AH0	2	4	america	5.22	america (5.2)	america, d'america, erica, erika
AH1 M P AH0 N IY0 Z	2	4	companies	5.18	companies (5.2),  companies' (5.2),  company's (4.3)	companies, companies', company's, accompanies
AA1 L AH0 T IY0	2	4	quality	5.11	quality (5.1)	quality, equality, inequality, polity
EH1 SH AH0 N AH0 L	2	4	professional	5.05	professional (5.0)	professional, congressional, unprofessional, confessional
AE1 N Y UW0 AH0 L	2	4	annual	4.94	annual (4.9),  emmanuel (3.4)	annual, manual, emmanuel, emanuel
AE1 L AH0 S AH0 S	2	4	analysis	4.91	analysis (4.9)	analysis, paralysis, dialysis, psychoanalysis
AE1 L IH0 S IH0 S	2	4	analysis	4.91	analysis (4.9)	analysis, paralysis, dialysis, psychoanalysis
AA1 N AH0 M IY0	2	4	economy	4.87	economy (4.9)	economy, autonomy, astronomy, gastronomy
IH1 R IY0 AH0 L Z	2	4	materials	4.78	materials (4.8),  materials' (4.8)	materials, materials', cereals, serials
ER1 JH AH0 N S IY0	2	4	emergency	4.72	emergency (4.7)	emergency, urgency, insurgency, counterinsurgency
AE1 S AH0 T IY0	2	4	capacity	4.71	capacity (4.7)	capacity, audacity, opacity, incapacity
AO1 R IH0 K AH0 L	2	4	historical	4.69	historical (4.7)	historical, rhetorical, metaphorical, categorical
AO1 R AH0 T IY0 Z	2	4	authorities	4.63	authorities (4.6)	authorities, priorities, minorities, sororities
EH1 D AH0 B AH0 L	2	4	incredible	4.63	incredible (4.6)	incredible, credible, edible, inedible
EY1 D IY0 AH0 M	2	4	stadium	4.63	stadium (4.6)	stadium, palladium, radium, vanadium
IH1 P IH0 K AH0 L	2	4	typical	4.59	typical (4.6)	typical, stereotypical, atypical, prototypical
AO1 R M AH0 L IY0	2	4	normally	4.57	normally (4.6)	normally, formally, informally, abnormally
EH1 N T AH0 T IH0 V	2	4	representative	4.57	representative (4.6)	representative, tentative, preventative, argumentative
EH1 M IH0 K AH0 L	2	4	chemical	4.57	chemical (4.6)	chemical, biochemical, petrochemical, electrochemical
IH1 SH AH0 L IY0	2	4	officially	4.53	officially (4.5)	officially, initially, artificially, unofficially
EH1 R AH0 P IY0	2	4	therapy	4.52	therapy (4.5)	therapy, chemotherapy, psychotherapy, immunotherapy
IH1 N IH0 K AH0 L	2	4	clinical	4.51	clinical (4.5)	clinical, cynical, preclinical, rabbinical
AO1 R G AH0 N AY2 Z D	2	4	organized	4.51	organized (4.5)	organized, disorganized, reorganized, unorganized
UH1 R IY0 AH0 S	2	4	curious	4.45	curious (4.5)	curious, furious, spurious, injurious
IH1 SH AH0 N ER0	2	4	commissioner	4.43	commissioner (4.4)	commissioner, practitioner, conditioner, petitioner
AE1 N D ER0 S AH0 N	2	4	anderson	4.36	anderson (4.4),  andersen (3.3)	anderson, andersen, sanderson, andersson
IH1 N IH0 S T ER0 Z	2	4	ministers	4.34	ministers (4.3),  ministers' (4.3),  minister's (3.4)	ministers, ministers', minister's, administers
EH1 N ER0 EY2 T IH0 D	3	4	generated	4.34	generated (4.3)	generated, regenerated, venerated, degenerated
EH1 D IH0 T IH0 D	2	4	edited	4.31	edited (4.3)	edited, credited, accredited, discredited
EH1 N ER0 IY0	2	4	documentary	4.31	documentary (4.3)	documentary, parliamentary, supplementary, plenary
IH1 L ER0 IY0	2	4	hillary	4.3	hillary (4.3),  artillery (4.0)	hillary, artillery, hilary, distillery
EH1 P T AH0 B AH0 L	2	4	acceptable	4.27	acceptable (4.3)	acceptable, unacceptable, susceptible, perceptible
EH1 D AH0 T IH0 NG	2	4	editing	4.27	editing (4.3)	editing, crediting, discrediting, accrediting
AA1 L IH0 JH IH0 Z	2	4	colleges	4.25	colleges (4.2),  colleges' (4.2),  college's (3.1)	colleges, colleges', acknowledges, college's
OW1 N IY0 AH0 L	2	4	colonial	4.17	colonial (4.2)	colonial, ceremonial, testimonial, matrimonial
IH1 S T IH0 K AH0 L	2	4	statistical	4.14	statistical (4.1)	statistical, mystical, logistical, egotistical
IH1 S AH0 P EY2 T IH0 D	3	4	anticipated	4.08	anticipated (4.1)	anticipated, participated, dissipated, unanticipated
AY1 AH0 T IY0 Z	2	4	societies	4.08	societies (4.1),  society's (3.5)	societies, varieties, society's, anxieties
AO1 R IH0 K L IY0	2	4	historically	4.08	historically (4.1)	historically, categorically, metaphorically, rhetorically
AE1 T IH0 K AH0 L	2	4	mathematical	4.04	mathematical (4.0)	mathematical, grammatical, fanatical, sabbatical
AE1 L ER0 IY0 Z	2	4	calories	4.03	calories (4.0),  gallery's (2.5)	calories, salaries, galleries, gallery's
IY1 N ER0 IY0	2	4	machinery	4.02	machinery (4.0),  plenary (3.1)	machinery, scenery, plenary, greenery
AE1 SH AH0 N AH0 L IY0	3	4	internationally	3.95	internationally (4.0)	internationally, nationally, rationally, irrationally
AE1 SH N AH0 L IY0	2	4	internationally	3.95	internationally (4.0)	internationally, nationally, rationally, irrationally
AE1 SH AH0 N AH0 L Z	2	4	nationals	3.91	nationals (3.9),  international's (2.7)	nationals, internationals, multinationals, international's
AW1 N T AH0 B AH0 L	2	4	accountable	3.9	accountable (3.9)	accountable, insurmountable, unaccountable, countable
EH1 V ER0 L IY0	2	4	beverly	3.87	beverly (3.9),  beverley (3.0)	beverly, cleverly, beverley, everly
AO1 R AH0 N ER0 Z	2	4	foreigners	3.87	foreigners (3.9),  foreigners' (3.9),  coroner's (3.0)	foreigners, foreigners', coroner's, coroners
UH1 R IH0 T IY0	2	4	maturity	3.87	maturity (3.9)	maturity, purity, insecurity, immaturity
EY1 N IY0 AH0 M	2	4	uranium	3.85	uranium (3.9)	uranium, titanium, cranium, geranium
AE1 V AH0 L ER0 Z	2	4	travelers	3.84	travelers (3.8),  travelers' (3.8),  traveler's (2.6)	travelers, travelers', travellers, traveler's
AA1 G R AH0 F ER0 Z	2	4	photographers	3.83	photographers (3.8),  photographer's (2.7)	photographers, photographer's, choreographers, biographers
IH1 V IY0 AH0	2	4	olivia	3.83	olivia (3.8)	olivia, bolivia, trivia, livia
IY1 D IY0 AH0 N T	2	4	ingredient	3.74	ingredient (3.7)	ingredient, obedient, expedient, disobedient
OW1 P IY0 AH0	2	4	ethiopia	3.73	ethiopia (3.7)	ethiopia, utopia, cornucopia, myopia
AE1 L V AH0 D AO2 R	2	4	salvador	3.72	salvador (3.7),  salvatore (3.2)	salvador, san-salvador, el-salvador, salvatore
EH1 R IH0 K AH0 L	2	4	numerical	3.65	numerical (3.6)	numerical, hysterical, spherical, clerical
AE1 S T IH0 K L IY0	2	4	drastically	3.65	drastically (3.6)	drastically, enthusiastically, fantastically, sarcastically
EH1 K T ER0 AH0 T	2	4	electorate	3.64	electorate (3.6)	electorate, directorate, protectorate, inspectorate
EH1 T IH0 K AH0 L IY0	3	4	theoretically	3.64	theoretically (3.6)	theoretically, pathetically, magnetically, sympathetically
EY1 SH AH0 N EH2 R IY0	3	4	stationary	3.63	stationary (3.6),  stationery (3.3)	stationary, stationery, inflationary, probationary
AO1 R M AH0 T IH0 V	2	4	informative	3.61	informative (3.6)	informative, formative, normative, performative
AA1 M IH0 K AH0 L	2	4	economical	3.59	economical (3.6)	economical, astronomical, comical, anatomical
AA1 L AH0 JH AH0 S S	2	4	psychologists	3.56	psychologists (3.6)	psychologists, biologists, apologists, pathologists
AA1 L AH0 JH AH0 S	2	4	psychologists	3.56	psychologists (3.6)	psychologists, biologists, apologists, pathologists
IY1 AH0 T IY0	2	4	deity	3.55	deity (3.5)	deity, spontaneity, heterogeneity, homogeneity
UW1 Z AH0 B AH0 L	2	4	usable	3.53	usable (3.5)	usable, reusable, unusable, inexcusable
AO1 R IY0 AH0 M	2	4	auditorium	3.51	auditorium (3.5)	auditorium, moratorium, emporium, crematorium
EH1 R IH0 NG T AH0 N	2	4	harrington	3.37	harrington (3.4)	harrington, carrington, barrington, farrington
UW1 IH0 T IY0	2	4	annuity	3.35	annuity (3.4)	annuity, perpetuity, gratuity, discontinuity
OW1 B IY0 AH0	2	4	homophobia	3.34	homophobia (3.3)	homophobia, phobia, xenophobia, claustrophobia
OW1 D IY0 AH0 N	2	4	cambodian	3.25	cambodian (3.2),  nickelodeon (3.1)	cambodian, custodian, nickelodeon, odeon
OW1 N IY0 AH0 S	2	4	erroneous	3.22	erroneous (3.2)	erroneous, harmonious, sanctimonious, acrimonious
IH1 S AH0 B AH0 L	2	4	permissible	3.2	permissible (3.2)	permissible, inexplicable, admissible, inadmissible
AO1 R M AH0 T IY0	2	4	conformity	3.2	conformity (3.2)	conformity, uniformity, deformity, enormity
EH1 R IY0 AH0 S L IY0	3	4	variously	3.19	variously (3.2)	variously, hilariously, vicariously, precariously
IH1 R IY0 AH0 N Z	2	4	nigerians	3.16	nigerians (3.2)	nigerians, syrians, presbyterians, assyrians
EY1 V ER0 IH0 NG	2	4	favoring	3.16	favoring (3.2)	favoring, unwavering, wavering, flavoring
EH1 R IY0 AH0 N IH2 Z AH0 M	4	4	authoritarianism	3.0	authoritarianism (3.0)	authoritarianism, totalitarianism, sectarianism, egalitarianism
EH1 N ER0 AH0 L	2	3	general	5.47	general (5.5),  gen (4.3),  gen. (4.3)	general, gen, gen.
AA1 L OW0 IH0 NG	2	3	following	5.46	following (5.5)	following, swallowing, wallowing
ER1 S AH0 T IY0	2	3	university	5.39	university (5.4)	university, diversity, biodiversity
ER1 V IH0 S IH0 Z	2	3	services	5.31	services (5.3),  services' (5.3),  service's (2.8)	services, services', service's
EY1 L AH0 B AH0 L	2	3	available	5.28	available (5.3)	available, unavailable, unassailable
IH1 R IY0 AH0 D	2	3	.period	5.21	.period (5.2),  myriad (3.5)	.period, period, myriad
AE1 CH ER0 AH0 L	2	3	natural	5.11	natural (5.1)	natural, supernatural, unnatural
EH1 T ER0 AH0	2	3	etc	5.03	etc (5.0),  cetera (3.0)	etc, cetera, etcetera
IH1 M IH0 T IH0 D	2	3	limited	5.02	limited (5.0),  ltd (4.5)	limited, ltd, unlimited
AE1 M AH0 L IY0 Z	2	3	families	4.94	families (4.9),  families' (4.9),  family's (4.0)	families, families', family's
AO1 F IH0 S ER0 Z	2	3	officers	4.87	officers (4.9),  officers' (4.9),  officer's (3.2)	officers, officers', officer's
AE1 N AH0 M AH0 L Z	2	3	animals	4.84	animals (4.8),  animals' (4.8),  animal's (2.9)	animals, animals', animal's
EH1 R IH0 K AH0 N Z	2	3	americans	4.83	americans (4.8),  americans' (4.8),  american's (2.9)	americans, americans', american's
EH1 M ER0 IY0	2	3	memory	4.81	memory (4.8),  emery (3.3)	memory, emery, emory
IH1 JH AH0 W AH0 L Z	2	3	individuals	4.81	individuals (4.8),  individuals' (4.8),  individual's (3.3)	individuals, individuals', individual's
EH1 R AH0 N T L IY0	2	3	apparently	4.8	apparently (4.8)	apparently, inherently, transparently
AH1 S T AH0 M ER0 Z	2	3	customers	4.78	customers (4.8),  customers' (4.8),  customer's (3.1)	customers, customers', customer's
EH1 F ER0 AH0 N S	2	3	reference	4.74	reference (4.7)	reference, preference, deference
AE1 N JH AH0 L IH0 S	2	3	angeles	4.73	angeles (4.7),  evangelists (2.8)	angeles, port-angeles, evangelists
AA1 R T IH0 K AH0 L Z	2	3	articles	4.71	articles (4.7),  article's (2.5)	articles, particles, article's
AE1 S IH0 T IY0	2	3	capacity	4.71	capacity (4.7)	capacity, tenacity, veracity
UW1 N IH0 T IY0 Z	2	3	communities	4.71	communities (4.7),  community's (3.3)	communities, community's, immunities
IH1 S AH0 N IH0 NG	2	3	listening	4.66	listening (4.7)	listening, christening, glistening
OW1 SH AH0 N AH0 L	2	3	emotional	4.66	emotional (4.7)	emotional, promotional, devotional
EH1 N AH0 T IY0	2	3	identity	4.65	identity (4.7)	identity, serenity, amenity
UW1 M ER0 AH0 S	2	3	numerous	4.65	numerous (4.7)	numerous, humorous, humerus
AO1 R IH0 T IY0 Z	2	3	authorities'	4.63	authorities' (4.6),  majorities (3.0),  authority's (2.6)	authorities', majorities, authority's
ER1 JH ER0 IY0	2	3	surgery	4.63	surgery (4.6),  perjury (3.3)	surgery, perjury, neurosurgery
EH1 D AH0 T ER0	2	3	editor	4.62	editor (4.6)	editor, predator, creditor
EH1 S T AH0 M EY2 T IH0 D	3	3	estimated	4.62	estimated (4.6)	estimated, underestimated, overestimated
EY1 P AH0 B AH0 L	2	3	capable	4.61	capable (4.6)	capable, incapable, inescapable
IY1 AH0 L AY2 Z D	2	3	realized	4.59	realized (4.6)	realized, idealized, unrealized
AE1 T AH0 T UW2 D	2	3	attitude	4.58	attitude (4.6)	attitude, gratitude, latitude
EH1 T AH0 T IH0 V	2	3	competitive	4.57	competitive (4.6),  rep. (4.3),  rep (4.3)	competitive, rep., rep
AE1 N D AH0 D EY0 T S	2	3	candidates	4.56	candidates (4.6),  candidates' (4.6),  candidate's (2.9)	candidates, candidates', candidate's
EY1 JH AH0 N S IY0 Z	2	3	agencies	4.54	agencies (4.5),  agencies' (4.5),  agency's (3.2)	agencies, agencies', agency's
ER1 S ER0 IY0	2	3	anniversary	4.53	anniversary (4.5),  nursery (3.9),  cursory (2.9)	anniversary, nursery, cursory
AH1 N D ER0 IH0 NG	2	3	wondering	4.53	wondering (4.5)	wondering, thundering, plundering
AE1 T ER0 IY0	2	3	battery	4.52	battery (4.5)	battery, flattery, slattery
AE1 K T IH0 K AH0 L	2	3	practical	4.48	practical (4.5)	practical, tactical, impractical
AH1 V ER0 M AH0 N T S	2	3	governments	4.45	governments (4.5),  governments' (4.5),  government's (4.0)	governments, governments', government's
AH1 V ER0 N M AH0 N T S	2	3	governments	4.45	governments (4.5),  governments' (4.5),  government's (4.0)	governments, governments', government's
AO1 R AH0 B AH0 L	2	3	horrible	4.44	horrible (4.4)	horrible, adorable, deplorable
IH1 S AH0 P EY2 T	2	3	participate	4.42	participate (4.4)	participate, anticipate, dissipate
EH1 N T ER0 IH0 NG	2	3	entering	4.42	entering (4.4)	entering, mentoring, centering
IH1 N D AH0 S T R IY0 Z	2	3	industries	4.42	industries (4.4),  industries' (4.4),  industry's (3.3)	industries, industries', industry's
IH1 N S AH0 P AH0 L Z	2	3	principles	4.42	principles (4.4),  principals (3.5),  principal's (2.6)	principles, principals, principal's
EH1 N AH0 M IY0 Z	2	3	enemies	4.4	enemies (4.4),  enemies' (4.4),  enemy's (3.2)	enemies, enemies', enemy's
AY1 AH0 N S AH0 Z	2	3	sciences	4.39	sciences (4.4)	sciences, appliances, alliances
OW1 SH IY0 EY2 T	2	3	associate	4.39	associate (4.4)	associate, negotiate, renegotiate
EH1 R AH0 T IH0 V	2	3	narrative	4.39	narrative (4.4)	narrative, comparative, imperative
IH1 Z AH0 B AH0 L	2	3	visible	4.39	visible (4.4)	visible, invisible, divisible
IH1 Z AH0 N ER0 Z	2	3	prisoners	4.37	prisoners (4.4),  prisoners' (4.4),  prisoner's (2.7)	prisoners, prisoners', prisoner's
AE1 K CH ER0 ER0 Z	2	3	manufacturers'	4.35	manufacturers' (4.3),  manufacturers (4.3),  manufacturer's (2.8)	manufacturers', manufacturers, manufacturer's
EH1 S T ER0 AA2 N T S	2	3	restaurants	4.34	restaurants (4.3),  restaurants' (4.3),  restaurant's (2.8)	restaurants, restaurants', restaurant's
EH1 T ER0 AH0 N Z	2	3	veterans	4.34	veterans (4.3),  veterans' (4.3),  veteran's (2.8)	veterans, veterans', veteran's
UW1 SH AH0 N AH0 L	2	3	constitutional	4.33	constitutional (4.3)	constitutional, institutional, unconstitutional
EH1 N S IH0 T IY0	2	3	density	4.33	density (4.3)	density, intensity, propensity
AA1 M AH0 N AH0 N T	2	3	prominent	4.33	prominent (4.3),  dominant (4.2)	prominent, dominant, predominant
AH1 G AH0 L IH0 NG	2	3	struggling	4.33	struggling (4.3)	struggling, smuggling, juggling
AA1 K Y AH0 P AY2 D	2	3	occupied	4.32	occupied (4.3)	occupied, preoccupied, unoccupied
AA1 N AH0 TH AH0 N	2	3	jonathan	4.31	jonathan (4.3),  jonathon (2.8)	jonathan, jonathon, johnathan
EY1 L IY0 AH0 N	2	3	alien	4.29	alien (4.3),  mammalian (3.2)	alien, mammalian, dalian
EH1 L AH0 JH AH0 B AH0 L	3	3	eligible	4.29	eligible (4.3)	eligible, unintelligible, intelligible
EH1 S T AH0 M EY2 T	2	3	estimate	4.29	estimate (4.3)	estimate, underestimate, overestimate
AE1 V AH0 L IH0 NG	2	3	traveling	4.27	traveling (4.3)	traveling, travelling, unraveling
AE1 S AH0 F AY2 D	2	3	classified	4.26	classified (4.3)	classified, declassified, reclassified
UW1 Z P EY2 P ER0 Z	2	3	newspapers	4.25	newspapers (4.2),  newspapers' (4.2),  newspaper's (2.8)	newspapers, newspapers', newspaper's
UH1 R AH0 T IY0 Z	2	3	securities	4.24	securities (4.2),  securities' (4.2)	securities, securities', impurities
AE1 K T IH0 V L IY0	2	3	actively	4.23	actively (4.2)	actively, retroactively, proactively
AA1 R IY0 OW0	2	3	mario	4.23	mario (4.2)	mario, rosario, barrio
EH1 N ER0 EY2 T	2	3	generate	4.22	generate (4.2)	generate, degenerate, regenerate
EH1 L AH0 P ER0 Z	2	3	developers	4.22	developers (4.2),  developers' (4.2),  developer's (2.6)	developers, developers', developer's
AE1 V AH0 T IY0	2	3	gravity	4.21	gravity (4.2)	gravity, cavity, depravity
EH1 R IY0 OW0	2	3	ontario	4.21	ontario (4.2)	ontario, scenario, diario
IH1 S AH0 P EY2 T IH0 NG	3	3	participating	4.19	participating (4.2)	participating, anticipating, dissipating
EH1 S AH0 B AH0 L	2	3	accessible	4.18	accessible (4.2)	accessible, inaccessible, irrepressible
AY1 Z ER0 IY0	2	3	advisory	4.18	advisory (4.2)	advisory, non-supervisory, supervisory
AA1 L AH0 T AH0 N	2	3	metropolitan	4.18	metropolitan (4.2)	metropolitan, cosmopolitan, neapolitan
AE1 D AH0 S AH0 N	2	3	madison	4.17	madison (4.2)	madison, addison, radisson
AE1 D IH0 S AH0 N	2	3	madison	4.17	madison (4.2)	madison, addison, maddison
AA1 N AH0 M AH0 S	2	3	anonymous	4.17	anonymous (4.2)	anonymous, autonomous, synonymous
OY1 AH0 L T IY0	2	3	loyalty	4.17	loyalty (4.2)	loyalty, royalty, disloyalty
IH1 M AH0 N EY2 T	2	3	eliminate	4.15	eliminate (4.2)	eliminate, discriminate, incriminate
ER1 V AH0 T IH0 V Z	2	3	conservatives	4.14	conservatives (4.1),  conservatives' (4.1)	conservatives, conservatives', preservatives
IH1 B IY0 AH0 N	2	3	caribbean	4.12	caribbean (4.1)	caribbean, libyan, amphibian
EH1 K T ER0 AH0 L	2	3	electoral	4.12	electoral (4.1)	electoral, pectoral, sectoral
ER1 IY0 IH0 NG	2	3	worrying	4.12	worrying (4.1)	worrying, hurrying, scurrying
IH1 N IY0 AH0 N	2	3	palestinian	4.11	palestinian (4.1)	palestinian, argentinian, darwinian
EH1 T AH0 K AH0 T	2	3	connecticut	4.11	connecticut (4.1),  etiquette (3.4),  conn. (3.4)	connecticut, etiquette, conn.
AE1 P AH0 L IY0	2	3	happily	4.11	happily (4.1),  napoli (3.3)	happily, napoli, unhappily
EH1 N AH0 T ER0 Z	2	3	senators	4.1	senators (4.1),  senators' (4.1),  senator's (2.8)	senators, senators', senator's
UW1 D IY0 OW2 Z	2	3	studios	4.1	studios (4.1),  studios' (4.1),  studio's (2.8)	studios, studios', studio's
AE1 SH AH0 N AH0 T	2	3	passionate	4.09	passionate (4.1)	passionate, compassionate, dispassionate
IH1 V ER0 IH0 NG	2	3	delivering	4.09	delivering (4.1)	delivering, shivering, quivering
AY1 ER0 IY0	2	3	diary	4.09	diary (4.1),  fiery (3.6),  priory (3.0)	diary, fiery, priory
AE1 M B AH0 L IH0 NG	2	3	gambling	4.08	gambling (4.1)	gambling, scrambling, rambling
AE1 G AH0 Z IY2 N Z	2	3	magazines	4.07	magazines (4.1),  magazines' (4.1),  magazine's (3.3)	magazines, magazines', magazine's
AH1 B L IH0 SH ER0 Z	2	3	publishers	4.07	publishers (4.1),  publishers' (4.1),  publisher's (2.8)	publishers, publishers', publisher's
ER1 JH IH0 K AH0 L	2	3	surgical	4.05	surgical (4.0)	surgical, liturgical, metallurgical
AE1 N AH0 L AH0 S T	2	3	analyst	4.03	analyst (4.0),  panelist (2.7)	analyst, panelist, psychoanalyst
IH1 K AH0 L AH0 S	2	3	nicholas	4.03	nicholas (4.0),  nicholas' (4.0)	nicholas, nicholas', nicolas
AE1 R IY0 ER0 Z	2	3	carriers	4.02	carriers (4.0),  carrier's (2.5)	carriers, barriers, carrier's
AE1 K T IH0 V EY2 T IH0 D	3	3	activated	4.01	activated (4.0)	activated, deactivated, inactivated
OW1 T EH2 S T ER0 Z	2	3	protesters	4.0	protesters (4.0),  protesters' (4.0),  protestors (3.4)	protesters, protesters', protestors
UW1 L IY0 AH0 N	2	3	julian	3.99	julian (4.0),  julien (3.3)	julian, julien, herculean
EH1 N T IH0 T IY0 Z	2	3	entities	3.97	entities (4.0),  entities' (4.0)	entities, entities', identities
IH1 L IY0 EY2 T IH0 D	3	3	affiliated	3.96	affiliated (4.0)	affiliated, humiliated, unaffiliated
EH1 N D AH0 N S IY0	2	3	tendency	3.96	tendency (4.0),  ascendancy (2.9)	tendency, dependency, ascendancy
EY1 T R IY0 AH0 T S	2	3	patriots	3.96	patriots (4.0),  expatriates (2.8)	patriots, compatriots, expatriates
AA1 N IH0 K AH0	2	3	monica	3.96	monica (4.0)	monica, veronica, harmonica
AY1 N ER0 IY0	2	3	binary	3.95	binary (4.0),  refinery (3.5)	binary, refinery, winery
EH1 R AH0 F AY2 IH0 NG	3	3	terrifying	3.95	terrifying (4.0)	terrifying, clarifying, verifying
AE1 T IH0 K AH0 L IY0	3	3	dramatically	3.95	dramatically (4.0)	dramatically, mathematically, emphatically
EH1 R AH0 F AY2 D	2	3	terrified	3.94	terrified (3.9)	terrified, verified, clarified
EH1 K T ER0 IY0	2	3	directory	3.93	directory (3.9)	directory, trajectory, rectory
AH1 V ER0 N ER0 Z	2	3	governors	3.93	governors (3.9),  governors' (3.9),  governor's (3.5)	governors, governors', governor's
EY1 B AH0 L IH0 NG	2	3	enabling	3.92	enabling (3.9)	enabling, labeling, disabling
AE1 N D R IY0 AH0	2	3	andrea	3.88	andrea (3.9)	andrea, d'andrea, alexandria
EH1 V ER0 IH0 JH	2	3	leverage	3.88	leverage (3.9)	leverage, beverage, beveridge
EH1 R AH0 F AY2	2	3	verify	3.88	verify (3.9)	verify, clarify, terrify
AA1 M AH0 T R IY0	2	3	geometry	3.88	geometry (3.9)	geometry, spectrometry, optometry
AE1 P AH0 L IH0 S	2	3	minneapolis	3.87	minneapolis (3.9)	minneapolis, indianapolis, annapolis
AA1 M AH0 N EY2 T	2	3	dominate	3.87	dominate (3.9)	dominate, nominate, predominate
OW1 D IY0 AH0 M	2	3	sodium	3.87	sodium (3.9)	sodium, podium, rhodium
IY1 AH0 T ER0 Z	2	3	theaters	3.87	theaters (3.9),  theatres (3.5),  theatre's (2.7)	theaters, theatres, theatre's
AE1 N AH0 L IH0 S T S	2	3	analysts	3.84	analysts (3.8),  analysts' (3.8),  panelists (2.9)	analysts, analysts', panelists
AE1 N AH0 L IH0 S	2	3	analysts	3.84	analysts (3.8),  analysts' (3.8),  panelists (2.9)	analysts, analysts', panelists
EH1 R IH0 T IY0 Z	2	3	charities	3.83	charities (3.8),  charities' (3.8)	charities, charities', rarities
AA1 M AH0 N AH0 N S	2	3	dominance	3.83	dominance (3.8)	dominance, prominence, predominance
EH1 N SH AH0 N AH0 L IY0	3	3	intentionally	3.82	intentionally (3.8)	intentionally, unintentionally, conventionally
AO1 R IY0 AH0 N Z	2	3	historians	3.82	historians (3.8)	historians, victorians, singaporeans
IH1 B IY0 AH0	2	3	libya	3.82	libya (3.8)	libya, namibia, tibia
AA1 R T AH0 Z AH0 N	2	3	partisan	3.81	partisan (3.8)	partisan, artisan, nonpartisan
EH1 L AH0 F AH0 N T S	2	3	elephants	3.81	elephants (3.8),  elephants' (3.8),  elephant's (2.5)	elephants, elephants', elephant's
EH1 F AH0 N IY0	2	3	stephanie	3.81	stephanie (3.8),  stefani (2.9)	stephanie, stefani, stefanie
IH1 SH AH0 N T L IY0	2	3	sufficiently	3.8	sufficiently (3.8)	sufficiently, efficiently, insufficiently
ER1 N AH0 T IY0	2	3	eternity	3.8	eternity (3.8)	eternity, fraternity, modernity
EH1 L AH0 T AH0 N	2	3	skeleton	3.8	skeleton (3.8),  gelatin (3.0)	skeleton, gelatin, exoskeleton
AW1 N S AH0 L ER0	2	3	counselor	3.79	counselor (3.8)	counselor, counsellor, councilor
IH1 M AH0 N EY2 T IH0 NG	3	3	eliminating	3.79	eliminating (3.8)	eliminating, discriminating, incriminating
EH1 L IY0 AH0 T	2	3	elliott	3.79	elliott (3.8),  elliot (3.7)	elliott, elliot, eliot
EH1 N D ER0 IH0 NG	2	3	rendering	3.79	rendering (3.8)	rendering, surrendering, tendering
AE1 L IH0 S AH0 N	2	3	allison	3.78	allison (3.8)	allison, alison, allyson
EH1 N IH0 T IY0 Z	2	3	identities	3.78	identities (3.8)	identities, amenities, obscenities
EH1 V AH0 L AH0 N T	2	3	prevalent	3.78	prevalent (3.8)	prevalent, benevolent, malevolent
AA1 M AH0 N AH0 L	2	3	phenomenal	3.76	phenomenal (3.8)	phenomenal, nominal, abdominal
ER1 N AH0 L IY0	2	3	internally	3.75	internally (3.8)	internally, externally, eternally
AA1 N IH0 K L IY0	2	3	ironically	3.74	ironically (3.7)	ironically, electronically, chronically
AE1 N D AH0 B AH0 L	2	3	understandable	3.74	understandable (3.7)	understandable, mandible, expandable
EH1 M ER0 EY2 T S	2	3	emirates	3.73	emirates (3.7),  emirates' (3.7)	emirates, emirates', commemorates
EY1 T R IY0 AH0 T	2	3	patriot	3.73	patriot (3.7),  expatriate (2.9)	patriot, expatriate, compatriot
IH1 S T ER0 IY0 Z	2	3	mysteries	3.73	mysteries (3.7),  history's (2.8)	mysteries, histories, history's
IH1 D IH0 T IY0	2	3	validity	3.7	validity (3.7)	validity, stupidity, liquidity
IY1 L IH0 Z AH0 M	2	3	realism	3.69	realism (3.7)	realism, idealism, surrealism
UH1 R AH0 B AH0 L	2	3	durable	3.68	durable (3.7)	durable, incurable, curable
IH1 B Y AH0 T ER0 Z	2	3	contributors	3.67	contributors (3.7),  distributors' (3.6)	contributors, distributors, distributors'
AA1 L IY0 AH0	2	3	somalia	3.67	somalia (3.7)	somalia, scalia, malia
AA1 R B IH0 K Y UW2	2	3	bbq	3.66	bbq (3.7),  barbecue (3.6)	bbq, barbecue, barbeque
ER1 N IH0 T IY0	2	3	maternity	3.66	maternity (3.7)	maternity, fraternity, paternity
ER1 M AH0 N EY2 T	2	3	terminate	3.65	terminate (3.6)	terminate, exterminate, germinate
AE1 NG G Y AH0 L ER0	2	3	rectangular	3.62	rectangular (3.6)	rectangular, angular, triangular
IH1 R IH0 K AH0 L	2	3	empirical	3.62	empirical (3.6)	empirical, lyrical, satirical
AH1 B AH0 L IH0 NG	2	3	doubling	3.61	doubling (3.6)	doubling, troubling, bubbling
IY1 N IY0 AH0 N	2	3	armenian	3.6	armenian (3.6)	armenian, athenian, slovenian
EH1 R AH0 T AH0 L	2	3	marital	3.59	marital (3.6)	marital, premarital, extramarital
AO1 R IH0 T IY0	2	3	superiority	3.59	superiority (3.6)	superiority, seniority, inferiority
AE1 N AH0 T EH2 R IY0	3	3	planetary	3.56	planetary (3.6)	planetary, interplanetary, unsanitary
AA1 S AH0 T IY0 Z	2	3	atrocities	3.53	atrocities (3.5)	atrocities, velocities, curiosities
EH1 M B AH0 L IH0 NG	2	3	resembling	3.52	resembling (3.5)	resembling, assembling, trembling
OW1 P IY0 AH0 N	2	3	ethiopian	3.51	ethiopian (3.5)	ethiopian, utopian, fallopian
AY1 AH0 S AH0 S	2	3	diocese	3.5	diocese (3.5),  psoriasis (2.9)	diocese, archdiocese, psoriasis
EY1 M IY0 AH0 N	2	3	damien	3.5	damien (3.5),  damian (3.4)	damien, damian, bahamian
AA1 N SH AH0 S L IY0	2	3	consciously	3.5	consciously (3.5)	consciously, unconsciously, subconsciously
AA1 R IY0 AH0	2	3	sharia	3.49	sharia (3.5)	sharia, aria, daria
EY1 V IY0 AH0 N	2	3	scandinavian	3.49	scandinavian (3.5)	scandinavian, avian, moravian
EH1 T AH0 B AH0 L	2	3	unforgettable	3.49	unforgettable (3.5)	unforgettable, regrettable, forgettable
IH1 R IY0 AH0 M	2	3	miriam	3.47	miriam (3.5),  bacterium (3.0)	miriam, bacterium, delirium
AO1 R IY0 AH0 L Z	2	3	tutorials	3.46	tutorials (3.5)	tutorials, memorials, editorials
IH1 D IY0 AH0 S	2	3	hideous	3.45	hideous (3.5)	hideous, insidious, fastidious
EH1 K SH AH0 N AH0 L	2	3	sectional	3.44	sectional (3.4)	sectional, correctional, directional
IH1 R IY0 ER0 Z	2	3	interiors	3.44	interiors (3.4)	interiors, superiors, exteriors
IH1 L AH0 T EY2 T IH0 NG	3	3	facilitating	3.43	facilitating (3.4)	facilitating, debilitating, rehabilitating
AO1 F AH0 L IY0	2	3	awfully	3.41	awfully (3.4)	awfully, lawfully, unlawfully
AE1 T AH0 F AY2 D	2	3	ratified	3.41	ratified (3.4)	ratified, stratified, gratified
IH1 D IY0 AH0 N	2	3	meridian	3.38	meridian (3.4),  gideon (3.3)	meridian, gideon, obsidian
AO1 L AH0 S IH2 Z AH0 M	3	3	catholicism	3.37	catholicism (3.4)	catholicism, anti-catholicism, anglo-catholicism
AW1 N S AH0 L ER0 Z	2	3	counselors	3.36	counselors (3.4)	counselors, counsellors, councilors
AE1 G AH0 N AH0 L	2	3	diagonal	3.36	diagonal (3.4)	diagonal, hexagonal, octagonal
IY1 AH0 B AH0 L	2	3	foreseeable	3.34	foreseeable (3.3)	foreseeable, agreeable, disagreeable
IH1 SH AH0 N S IY0 Z	2	3	deficiencies	3.34	deficiencies (3.3)	deficiencies, efficiencies, inefficiencies
UW1 B EH2 R IY0	2	3	blueberry	3.3	blueberry (3.3),  newbury (3.0)	blueberry, newbury, newberry
EH1 D AH0 L IH0 NG	2	3	meddling	3.3	meddling (3.3)	meddling, peddling, pedaling
AE1 NG G AH0 L IH0 NG	2	3	dangling	3.29	dangling (3.3)	dangling, strangling, wrangling
UW1 V AH0 B AH0 L	2	3	removable	3.29	removable (3.3)	removable, movable, immovable
AA1 L IH0 SH IH0 NG	2	3	polishing	3.28	polishing (3.3)	polishing, abolishing, demolishing
IH1 S AH0 P EY2 T S	2	3	participates	3.28	participates (3.3)	participates, anticipates, dissipates
EH1 T R IH0 K AH0 L	2	3	symmetrical	3.28	symmetrical (3.3)	symmetrical, asymmetrical, geometrical
EY1 V IY0 AH0	2	3	scandinavia	3.26	scandinavia (3.3)	scandinavia, octavia, batavia
EH1 N D AH0 B AH0 L	2	3	dependable	3.25	dependable (3.2)	dependable, commendable, expendable
OW1 N IY0 AH0 M	2	3	plutonium	3.24	plutonium (3.2)	plutonium, ammonium, pandemonium
AE1 N AH0 L IH0 NG	2	3	dismantling	3.24	dismantling (3.2)	dismantling, channeling, paneling
UW1 M AH0 N AH0 S	2	3	luminous	3.24	luminous (3.2),  humanists (2.6)	luminous, voluminous, humanists
EH1 K W AH0 T IY0 Z	2	3	equities	3.23	equities (3.2),  equities' (3.2)	equities, equities', inequities
AA1 B IY0 IH0 S T S	2	3	lobbyists	3.23	lobbyists (3.2),  lobbyists' (3.2)	lobbyists, lobbyists', hobbyists
AE1 N D IH0 D L IY0	2	3	handedly	3.2	handedly (3.2),  candidly (2.8)	handedly, candidly, singlehandedly
IH1 S IH0 T IH0 D	2	3	unsolicited	3.2	unsolicited (3.2)	unsolicited, solicited, elicited
IY1 V IY0 EY2 T IH0 D	3	3	abbreviated	3.19	abbreviated (3.2)	abbreviated, deviated, alleviated
EH1 T ER0 IH0 NG	2	3	lettering	3.19	lettering (3.2)	lettering, kettering, bettering
AE1 M P ER0 IH0 NG	2	3	tampering	3.18	tampering (3.2)	tampering, pampering, hampering
IY1 T AH0 B AH0 L	2	3	unbeatable	3.18	unbeatable (3.2)	unbeatable, treatable, repeatable
EH1 K S IY0 AH0	2	3	anorexia	3.16	anorexia (3.2)	anorexia, dyslexia, alexia
EH1 N T AH0 L IH0 S T	2	3	fundamentalist	3.16	fundamentalist (3.2)	fundamentalist, environmentalist, instrumentalist
EH1 N AH0 L IH0 S T	2	3	fundamentalist	3.16	fundamentalist (3.2)	fundamentalist, environmentalist, instrumentalist
OW1 B AH0 L AY2 Z D	2	3	mobilized	3.15	mobilized (3.1)	mobilized, immobilized, globalized
EH1 M AH0 N IY0	2	3	yemeni	3.14	yemeni (3.1),  hegemony (3.1),  anemone (2.6)	yemeni, hegemony, anemone
IH1 K ER0 IH0 NG	2	3	pickering	3.14	pickering (3.1)	pickering, bickering, flickering
EY1 T IH0 V L IY0	2	3	creatively	3.1	creatively (3.1)	creatively, administratively, qualitatively
EH1 L IY0 AH0 N	2	3	chameleon	3.1	chameleon (3.1),  orwellian (2.6)	chameleon, orwellian, machiavellian
IH1 NG G AH0 L IH0 NG	2	3	tingling	3.1	tingling (3.1)	tingling, mingling, singling
AE1 N IH0 S T ER0	2	3	canister	3.09	canister (3.1)	canister, bannister, banister
EY1 D IY0 AH0	2	3	arcadia	3.08	arcadia (3.1)	arcadia, acadia, stadia
OW1 N IY0 AH0 S L IY0	3	3	erroneously	3.08	erroneously (3.1)	erroneously, harmoniously, unceremoniously
IH1 SH AH0 S L IY0	2	3	suspiciously	3.08	suspiciously (3.1)	suspiciously, viciously, surreptitiously
EH1 N AH0 D IY0 Z	2	3	kennedy's	3.07	kennedy's (3.1),  kennedys (2.6),  kennedys' (2.6)	kennedy's, kennedys, kennedys'
IH1 L F AH0 L IY0	2	3	willfully	3.07	willfully (3.1)	willfully, skillfully, wilfully
UH1 R IY0 AH0 N	2	3	centurion	3.05	centurion (3.0),  arthurian (2.5)	centurion, gurion, arthurian
AO1 R S AH0 B AH0 L	2	3	enforceable	3.02	enforceable (3.0)	enforceable, forcible, unenforceable
EY1 S AH0 B AH0 L	2	3	irreplaceable	3.01	irreplaceable (3.0)	irreplaceable, replaceable, traceable
UW1 AH0 L IH2 Z AH0 M	3	3	individualism	3.0	individualism (3.0)	individualism, dualism, intellectualism
EH1 R AH0 F AY2 Z	2	3	clarifies	2.97	clarifies (3.0)	clarifies, terrifies, verifies
AE1 N D ER0 IH0 NG	2	3	pandering	2.97	pandering (3.0)	pandering, meandering, gerrymandering
EH1 R IH0 K L IY0	2	3	hysterically	2.94	hysterically (2.9)	hysterically, numerically, generically
AH1 DH ER0 L IY0	2	3	brotherly	2.92	brotherly (2.9)	brotherly, southerly, motherly
IH1 B AH0 L IH0 NG	2	3	dribbling	2.92	dribbling (2.9)	dribbling, nibbling, scribbling
EH1 N IH0 S AH0 N	2	3	tennyson	2.9	tennyson (2.9)	tennyson, denison, dennison
AW1 ER0 IY0	2	3	flowery	2.88	flowery (2.9)	flowery, bowery, lowery
AH1 K T IH0 V L IY0	2	3	constructively	2.78	constructively (2.8)	constructively, productively, seductively
EH1 K T AH0 M IY0	2	3	hysterectomy	2.76	hysterectomy (2.8)	hysterectomy, mastectomy, vasectomy
AA1 R D IY0 AH0	2	3	laguardia	2.73	laguardia (2.7)	laguardia, guardia, la-guardia
AH1 DH ER0 IH0 NG	2	3	smothering	2.71	smothering (2.7)	smothering, mothering, wuthering
IY1 CH AH0 B AH0 L	2	3	reachable	2.71	reachable (2.7)	reachable, unreachable, teachable
AA1 B AH0 L IH0 NG	2	3	wobbling	2.62	wobbling (2.6)	wobbling, squabbling, gobbling
